Track name,Artist name,Album,Playlist name,Type
Night Drive,Cannons,Night Drive,Favorite Albums,MySavedAlbums
Doin' It Right,Mike James Kirkland,Doin' It Right,Favorite Albums,MySavedAlbums
Hang on in There,Mike James Kirkland,Hang on in There,Favorite Albums,MySavedAlbums
Wiggly, Wiggly Christmas!,The Wiggles,Wiggly, Wiggly Christmas!,Favorite Albums,MySavedAlbums
The Sound of Christmas,The Wiggles,The Sound of Christmas,Favorite Albums,MySavedAlbums
Black Moses,Isaac Hayes,Black Moses,Favorite Albums,MySavedAlbums
Cumbia Beat, Vol. 3,Various Artists,Cumbia Beat, Vol. 3,Favorite Albums,MySavedAlbums
Cumbia Beat Volume 1,Various Artists,Cumbia Beat Volume 1,Favorite Albums,MySavedAlbums
Cumbia Beat, Vol. 1,Various Artists,Cumbia Beat, Vol. 1,Favorite Albums,MySavedAlbums
Franticdiagnosis,George Freeman,Franticdiagnosis,Favorite Albums,MySavedAlbums
Bass on Top,Paul Chambers Quartet,Bass on Top,Favorite Albums,MySavedAlbums
Introducing Sonica,Christos Yerolatsitis,Introducing Sonica,Favorite Albums,MySavedAlbums
Egg Tooth,Ephemerals,Egg Tooth,Favorite Albums,MySavedAlbums
Any Resemblance to Real Persons or Actual Facts is Purely Coincidental,Calibro 35,Any Resemblance to Real Persons or Actual Facts is Purely Coincidental,Favorite Albums,MySavedAlbums
Bad Witch,Nine Inch Nails,Bad Witch,Favorite Albums,MySavedAlbums
The Swell Season,The Swell Season,The Swell Season,Favorite Albums,MySavedAlbums
Los Tres Campeones en Quito,Polibio Mayorga,Los Tres Campeones en Quito,Favorite Albums,MySavedAlbums
Second Nature,Lucius,Second Nature,Favorite Albums,MySavedAlbums
Lucius,Lucius,Lucius,Favorite Albums,MySavedAlbums
Living In Symbol,Astronauts, etc.,Living In Symbol,Favorite Albums,MySavedAlbums
Astronauts, etc. (Audiotree Live),Astronauts, etc.,Astronauts, etc. (Audiotree Live),Favorite Albums,MySavedAlbums
Rage!,Lettuce,Rage!,Favorite Albums,MySavedAlbums
Burger Greezy, Fries Good,Life of Grime,Burger Greezy, Fries Good,Favorite Albums,MySavedAlbums
Live at Sid's Room,Lavender Town,Live at Sid's Room,Favorite Albums,MySavedAlbums
Spotify Sessions,The Bamboos,Spotify Sessions,Favorite Albums,MySavedAlbums
Four Songs,Alexi Murdoch,Four Songs,Favorite Albums,MySavedAlbums
Awareness,Joe Sturges,Awareness,Favorite Albums,MySavedAlbums
Frosted Flakes,Life of Grime,Frosted Flakes,Favorite Albums,MySavedAlbums
All News Is Good News,Surprise Chef,All News Is Good News,Favorite Albums,MySavedAlbums
Magnetic Moves,Katie Toupin,Magnetic Moves,Favorite Albums,MySavedAlbums
Live In Concert,Matching Mole,Live In Concert,Favorite Albums,MySavedAlbums
The Very Best Of 1951-1954,Guitar Slim,The Very Best Of 1951-1954,Favorite Albums,MySavedAlbums
Songs From A Thousand Frames Of Mind,Kate Bollinger,Songs From A Thousand Frames Of Mind,Favorite Albums,MySavedAlbums
Quebec,Ween,Quebec,Favorite Albums,MySavedAlbums
Live at Stubb's, 7/2000,Ween,Live at Stubb's, 7/2000,Favorite Albums,MySavedAlbums
Live In Toronto Canada (feat. The Shit Creek Boys),Ween,Live In Toronto Canada (feat. The Shit Creek Boys),Favorite Albums,MySavedAlbums
All Request Live,Ween,All Request Live,Favorite Albums,MySavedAlbums
Live In Chicago,Ween,Live In Chicago,Favorite Albums,MySavedAlbums
La Cucaracha,Ween,La Cucaracha,Favorite Albums,MySavedAlbums
For Everyman,Jackson Browne,For Everyman,Favorite Albums,MySavedAlbums
Zzebra / Panic,Zzebra,Zzebra / Panic,Favorite Albums,MySavedAlbums
Ride Or Die,Kimbra,Ride Or Die,Favorite Albums,MySavedAlbums
Nobody But You Babe,Clarence Reid,Nobody But You Babe,Favorite Albums,MySavedAlbums
Ephemera,The Luvmenauts,Ephemera,Favorite Albums,MySavedAlbums
Mungkin Saja,Thee Marloes,Mungkin Saja,Favorite Albums,MySavedAlbums
En Criollo... Buenazo,Enrique Delgado,En Criollo... Buenazo,Favorite Albums,MySavedAlbums
Collide Session #19 - Liraz,Liraz,Collide Session #19 - Liraz,Favorite Albums,MySavedAlbums
Healing Exhaustion,Reinel Bakole,Healing Exhaustion,Favorite Albums,MySavedAlbums
Adrian Younge vs. Adrian Quesada,Adrian Younge,Adrian Younge vs. Adrian Quesada,Favorite Albums,MySavedAlbums
Run This Town (Original Score to the Motion Picture),Ali Shaheed Muhammad,Run This Town (Original Score to the Motion Picture),Favorite Albums,MySavedAlbums
Jazz Is Dead 001,Adrian Younge,Jazz Is Dead 001,Favorite Albums,MySavedAlbums
Sharpen Your Axe,Frollen Music Library,Sharpen Your Axe,Favorite Albums,MySavedAlbums
Plays Brazilian Mancini,Jack Wilson,Plays Brazilian Mancini,Favorite Albums,MySavedAlbums
Christopher O'Riley Reimagines Radiohead,Christopher O'Riley,Christopher O'Riley Reimagines Radiohead,Favorite Albums,MySavedAlbums
Francis Comes Alive (Live),Neal Francis,Francis Comes Alive (Live),Favorite Albums,MySavedAlbums
Ebo Taylor,Ebo Taylor,Ebo Taylor,Favorite Albums,MySavedAlbums
Chronicles of a Diamond,Black Pumas,Chronicles of a Diamond,Favorite Albums,MySavedAlbums
George Freeman with Charlie Earland Live,George Freeman,George Freeman with Charlie Earland Live,Favorite Albums,MySavedAlbums
Run and Tell,Faye Webster,Run and Tell,Favorite Albums,MySavedAlbums
Famous Last Words (2022 Remaster),True Loves,Famous Last Words (2022 Remaster),Favorite Albums,MySavedAlbums
From Broadway To Hollywood,Lorez Alexandria,From Broadway To Hollywood,Favorite Albums,MySavedAlbums
Calm Ya Farm,The Murlocs,Calm Ya Farm,Favorite Albums,MySavedAlbums
Lucy Dacus on Audiotree Live,Lucy Dacus,Lucy Dacus on Audiotree Live,Favorite Albums,MySavedAlbums
Lucy Dacus on Audiotree Live,Lucy Dacus,Lucy Dacus on Audiotree Live,Favorite Albums,MySavedAlbums
Playing With the Trio (feat. Kenny Clarke, Jimmy Woode),Francy Boland,Playing With the Trio (feat. Kenny Clarke, Jimmy Woode),Favorite Albums,MySavedAlbums
What Was,Du Bellows,What Was,Favorite Albums,MySavedAlbums
Sides,Emily King,Sides,Favorite Albums,MySavedAlbums
Special Occasion,Emily King,Special Occasion,Favorite Albums,MySavedAlbums
MMJ Live Vol. 3: Bonnaroo 2004,My Morning Jacket,MMJ Live Vol. 3: Bonnaroo 2004,Favorite Albums,MySavedAlbums
Super Freak,Pucho & His Latin Soul Brothers,Super Freak,Favorite Albums,MySavedAlbums
Nim Sadot 'Tickets Available​ -​ Live at Pizza Express London - 2022,Nim Sadot,Nim Sadot 'Tickets Available​ -​ Live at Pizza Express London - 2022,Favorite Albums,MySavedAlbums
Mississauga,Matthew Tavares,Mississauga,Favorite Albums,MySavedAlbums
Chico Hamilton introduces Freddie Gambrell,Freddie Gambrell,Chico Hamilton introduces Freddie Gambrell,Favorite Albums,MySavedAlbums
Martha Wainwright (Special Edition),Martha Wainwright,Martha Wainwright (Special Edition),Favorite Albums,MySavedAlbums
Awakening,The Pharaohs,Awakening,Favorite Albums,MySavedAlbums
Love in the Time of Science,Emilíana Torrini,Love in the Time of Science,Favorite Albums,MySavedAlbums
Exotico,Temples,Exotico,Favorite Albums,MySavedAlbums
Oh Man, Cover the Ground,Shana Cleveland,Oh Man, Cover the Ground,Favorite Albums,MySavedAlbums
Madison McFerrin on Audiotree Live,Madison McFerrin,Madison McFerrin on Audiotree Live,Favorite Albums,MySavedAlbums
Madison McFerrin on Audiotree Live,Madison McFerrin,Madison McFerrin on Audiotree Live,Favorite Albums,MySavedAlbums
Groovin It!,Hank Marr,Groovin It!,Favorite Albums,MySavedAlbums
In the Basement,The Pharaohs,In the Basement,Favorite Albums,MySavedAlbums
Soundmusication,Fitz Gore,Soundmusication,Favorite Albums,MySavedAlbums
Play Me or Trade Me,Parlet,Play Me or Trade Me,Favorite Albums,MySavedAlbums
LP1,Joss Stone,LP1,Favorite Albums,MySavedAlbums
Live At Memory Lane,The Hampton Hawes All-Stars,Live At Memory Lane,Favorite Albums,MySavedAlbums
The Soul Surfers Present: Igor & Romeo's Sound Excitement,The Soul Surfers,The Soul Surfers Present: Igor & Romeo's Sound Excitement,Favorite Albums,MySavedAlbums
Songs Of Love And Hate,Leonard Cohen,Songs Of Love And Hate,Favorite Albums,MySavedAlbums
Songs Of Leonard Cohen,Leonard Cohen,Songs Of Leonard Cohen,Favorite Albums,MySavedAlbums
Mr. Roberts Plays Guitar,Various Artists,Mr. Roberts Plays Guitar,Favorite Albums,MySavedAlbums
At Carnegie Hall,Thelonious Monk Quartet,At Carnegie Hall,Favorite Albums,MySavedAlbums
Loose,Jim Campilongo,Loose,Favorite Albums,MySavedAlbums
"The Drift" B/W "Monkey",Hospitality,"The Drift" B/W "Monkey",Favorite Albums,MySavedAlbums
Live At The Du Nord,Jim Campilongo,Live At The Du Nord,Favorite Albums,MySavedAlbums
Heaven Is Creepy,Jim Campilongo,Heaven Is Creepy,Favorite Albums,MySavedAlbums
Animals (2011 Remastered Version),Pink Floyd,Animals (2011 Remastered Version),Favorite Albums,MySavedAlbums
The Lost Trident Sessions,Mahavishnu Orchestra,The Lost Trident Sessions,Favorite Albums,MySavedAlbums
Soul Proprietor - EP,Alessi's Ark,Soul Proprietor - EP,Favorite Albums,MySavedAlbums
Dharohar Project EP,Mumford & Sons,Dharohar Project EP,Favorite Albums,MySavedAlbums
Meddle (2011 Remastered Version),Pink Floyd,Meddle (2011 Remastered Version),Favorite Albums,MySavedAlbums
The Dark Side Of The Moon (2011 Remastered Version),Pink Floyd,The Dark Side Of The Moon (2011 Remastered Version),Favorite Albums,MySavedAlbums
One Size Fits All,Frank Zappa,One Size Fits All,Favorite Albums,MySavedAlbums
Friday the 13th Concert at the Cook County Jail,Various Artists,Friday the 13th Concert at the Cook County Jail,Favorite Albums,MySavedAlbums
B.L.U.E Nights,Bill Bruford,B.L.U.E Nights,Favorite Albums,MySavedAlbums
Black Refuge,Junip,Black Refuge,Favorite Albums,MySavedAlbums
BWO Is Landing,Bernie Worrell Orchestra,BWO Is Landing,Favorite Albums,MySavedAlbums
Live In Chicago,Ween,Live In Chicago,Favorite Albums,MySavedAlbums
Trouble,Hospitality,Trouble,Favorite Albums,MySavedAlbums
Hospitality,Hospitality,Hospitality,Favorite Albums,MySavedAlbums
Live from Summer Camp 05/25/13,Umphrey's McGee,Live from Summer Camp 05/25/13,Favorite Albums,MySavedAlbums
Master Grady Tate,Grady Tate,Master Grady Tate,Favorite Albums,MySavedAlbums
Detours Into Unconscious Rhythms,Calvin Keys,Detours Into Unconscious Rhythms,Favorite Albums,MySavedAlbums
Orthrelm,Orthrelm,Orthrelm,Favorite Albums,MySavedAlbums